{"assets": {"container": {"docker": {"db": "docker.io/mdillon/postgis", "logstash": "docker.io/geoint/logstash-elastic-ha", "scale-scheduler": "docker.io/geoint/scale:latest", "scale-jobs": "docker.io/ngarleday/scale"}}}, "images": {"icon-large": "https://raw.githubusercontent.com/ngageoint/scale/gh-pages/demo/images/icon-service-scale-large.png", "icon-small": "https://raw.githubusercontent.com/ngageoint/scale/gh-pages/demo/images/icon-service-scale-small.png", "icon-medium": "https://raw.githubusercontent.com/ngageoint/scale/gh-pages/demo/images/icon-service-scale-medium.png"}}