{"packages": [{"framework": true, "tags": ["bigdata", "batch", "analytics", "remotesensing", "algorithms", "geospatial"], "name": "scale", "currentVersion": "3.1.0", "versions": {"3.1.0": "0"}, "selected": true, "description": "Scale enables on-demand, near real-time, automated processing of large datasets (satellite, medical, audio, video, ...) using a dynamic bank of algorithms. Algorithm execution is seamlessly distributed across thousands of CPU cores. Docker provides algorithm containerization. Apache Mesos enables optimum resource utilization."}], "version": "2.0.0"}