{"assets": {"container": {"docker": {"scale-jobs": "docker.io/ngarleday/scale", "scale-scheduler": "docker.io/ngarleday/scale:latest", "db": "docker.io/mdillon/postgis", "logstash": "docker.io/geoint/logstash-elastic-ha"}}}, "images": {"icon-medium": "https://raw.githubusercontent.com/ngageoint/scale/gh-pages/demo/images/icon-service-scale-medium.png", "icon-small": "https://raw.githubusercontent.com/ngageoint/scale/gh-pages/demo/images/icon-service-scale-small.png", "icon-large": "https://raw.githubusercontent.com/ngageoint/scale/gh-pages/demo/images/icon-service-scale-large.png"}}