{"packages": [{"currentVersion": "3.0.0", "name": "scale", "description": "Scale enables on-demand, near real-time, automated processing of large datasets (satellite, medical, audio, video, ...) using a dynamic bank of algorithms. Algorithm execution is seamlessly distributed across thousands of CPU cores. Docker provides algorithm containerization. Apache Mesos enables optimum resource utilization.", "tags": ["bigdata", "batch", "analytics", "remotesensing", "algorithms", "geospatial"], "selected": true, "versions": {"3.0.0": "0"}, "framework": true}], "version": "2.0.0"}